<?xml version="1.0" encoding="UTF-8" standalone="yes"?>
<office:document-content xmlns:table="urn:oasis:names:tc:opendocument:xmlns:table:1.0" xmlns:office="urn:oasis:names:tc:opendocument:xmlns:office:1.0" xmlns:text="urn:oasis:names:tc:opendocument:xmlns:text:1.0" xmlns:style="urn:oasis:names:tc:opendocument:xmlns:style:1.0" xmlns:draw="urn:oasis:names:tc:opendocument:xmlns:drawing:1.0" xmlns:fo="urn:oasis:names:tc:opendocument:xmlns:xsl-fo-compatible:1.0" xmlns:xlink="http://www.w3.org/1999/xlink" xmlns:dc="http://purl.org/dc/elements/1.1/" xmlns:number="urn:oasis:names:tc:opendocument:xmlns:datastyle:1.0" xmlns:svg="urn:oasis:names:tc:opendocument:xmlns:svg-compatible:1.0" xmlns:of="urn:oasis:names:tc:opendocument:xmlns:of:1.2" office:version="1.2"><office:font-face-decls><style:font-face style:name="Calibri" svg:font-family="Calibri"/></office:font-face-decls><office:automatic-styles><style:style style:name="ce1" style:family="table-cell" style:parent-style-name="Default" style:data-style-name="N0"/><style:style style:name="co1" style:family="table-column"><style:table-column-properties fo:break-before="auto" style:column-width="1.69333333333333cm"/></style:style><style:style style:name="ro1" style:family="table-row"><style:table-row-properties style:row-height="15pt" style:use-optimal-row-height="true" fo:break-before="auto"/></style:style><style:style style:name="ta1" style:family="table" style:master-page-name="mp1"><style:table-properties table:display="true" style:writing-mode="lr-tb"/></style:style></office:automatic-styles><office:body><office:spreadsheet><table:calculation-settings table:case-sensitive="true" table:search-criteria-must-apply-to-whole-cell="true" table:use-wildcards="false" table:use-regular-expressions="false" table:automatic-find-labels="false"/><table:table table:name="Sheet1" table:style-name="ta1"><table:table-column table:style-name="co1" table:number-columns-repeated="16384" table:default-cell-style-name="ce1"/><table:table-row table:style-name="ro1"><table:table-cell office:value-type="string" table:style-name="ce1"><text:p>Hello1234</text:p></table:table-cell><table:table-cell table:number-columns-repeated="16383" table:style-name="ce1"/></table:table-row><table:table-row table:style-name="ro1"><table:table-cell office:value-type="string" table:style-name="ce1"><text:p>Cell A2</text:p></table:table-cell><table:table-cell office:value-type="string" table:style-name="ce1"><text:p>B2</text:p></table:table-cell><table:table-cell table:number-columns-repeated="16382"/></table:table-row><table:table-row table:style-name="ro1"><table:table-cell office:value-type="string" table:style-name="ce1"><text:p>A3</text:p></table:table-cell><table:table-cell table:number-columns-repeated="16383" table:style-name="ce1"/></table:table-row><table:table-row table:style-name="ro1"><table:table-cell office:value-type="string" table:style-name="ce1"><text:p>A4</text:p></table:table-cell><table:table-cell table:number-columns-repeated="16383" table:style-name="ce1"/></table:table-row><table:table-row table:number-rows-repeated="1048572" table:style-name="ro1"><table:table-cell table:number-columns-repeated="16384"/></table:table-row></table:table></office:spreadsheet></office:body></office:document-content>