<?xml version="1.0" encoding="UTF-8" standalone="yes"?>
<office:document-meta xmlns:office="urn:oasis:names:tc:opendocument:xmlns:office:1.0" xmlns:meta="urn:oasis:names:tc:opendocument:xmlns:meta:1.0" xmlns:dc="http://purl.org/dc/elements/1.1/" xmlns:xlink="http://www.w3.org/1999/xlink" office:version="1.2"><office:meta><meta:generator>MicrosoftOffice/16.0 MicrosoftExcel/CalculationVersion-18431</meta:generator><dc:title>2017 january calendar</dc:title><dc:description>2017 january calendar</dc:description><dc:subject>2017 january calendar</dc:subject><meta:keyword>2017 january calendar</meta:keyword><dc:creator>kalbhor, Ashok</dc:creator><meta:creation-date>2016-11-02T11:01:47Z</meta:creation-date><dc:date>2018-10-04T07:27:52Z</dc:date><meta:editing-cycles>2</meta:editing-cycles><meta:editing-duration>PT64S</meta:editing-duration><meta:user-defined meta:name="License">www.free-printable-calendar.net</meta:user-defined><meta:user-defined meta:name="Publisher">www.free-printable-calendar.net</meta:user-defined><meta:document-statistic meta:page-count="1" meta:paragraph-count="40" meta:word-count="41" meta:character-count="194"/></office:meta></office:document-meta>